1,https://brain.com.ua/static/images/prod_img/8/9/U0854689_small_1739047983.jpg
2,https://brain.com.ua/static/images/prod_img/8/9/U0854689_2small_1739047985.jpg
3,https://brain.com.ua/static/images/prod_img/8/9/U0854689_3small_1739047986.jpg
4,https://brain.com.ua/static/images/prod_img/8/9/U0854689_small_1739047983.jpg
5,https://brain.com.ua/static/images/prod_img/8/9/U0854689_2small_1739047985.jpg
6,https://brain.com.ua/static/images/prod_img/8/9/U0854689_3small_1739047986.jpg
7,https://brain.com.ua/static/images/prod_img/8/9/U0854689_small_1739047983.jpg
8,https://brain.com.ua/static/images/prod_img/8/9/U0854689_2small_1739047985.jpg
9,https://brain.com.ua/static/images/prod_img/8/9/U0854689_3small_1739047986.jpg
10,https://brain.com.ua/static/images/prod_img/8/9/U0854689_small_1739047983.jpg
11,https://brain.com.ua/static/images/prod_img/8/9/U0854689_2small_1739047985.jpg
12,https://brain.com.ua/static/images/prod_img/8/9/U0854689_3small_1739047986.jpg
